{"cameraMode":{"drawMode":0,"name":"Shaded","section":"Shading Mode"},"sceneLighting":true,"audioPlay":false,"sceneViewState":{"showFog":true,"showMaterialUpdate":true,"showSkybox":true,"showFlares":true,"showImageEffects":true,"showParticleSystems":true},"in2DMode":false,"pivot":{"x":-126.94621276855469,"y":-14.323534965515137,"z":-38.820255279541019},"rotation":{"x":0.0057164994068443779,"y":-0.7892226576805115,"z":0.007347596809267998,"w":0.6140365600585938},"size":382.9397277832031,"orthographic":false}